{
    "pools": [
        {
	      "rolls": 1,
	      "entries": [
	        {
	          "type": "item",
	          "name": "minecraft:player_head",
	          "weight": 1,
	          "functions": [
	            {
	              "function": "set_nbt",
	              "tag": "{SkullOwner:{Id:\"4e7bb834-53a8-41a3-a799-7124e2c8413c\",Name:\"Shulker\",Properties:{textures:[{Value:\"eyJ0ZXh0dXJlcyI6eyJTS0lOIjp7InVybCI6Imh0dHA6Ly90ZXh0dXJlcy5taW5lY3JhZnQubmV0L3RleHR1cmUvZmI5ZTZhZjZiODE5ZjNkOTBlNjdjZTJlNzA1OWZiZWYzMWRhMmFhOTUzZDM1ZTM0NTRmMTAyMWZhOTEyZWZkZSJ9fX0=\"}]}}}"
	            }
	          ]
	        }
	      ],
	      "conditions": [
	        {
	          "condition": "killed_by_player"
	        },
	        {
	          "condition": "random_chance_with_looting",
	          "chance": 0.02,
	          "looting_multiplier": 0.01
	        }
	      ]
	    }
    ]
}