{
    "display": {
        "icon": {
            "item": "minecraft:player_head",
            "nbt": "{SkullOwner: {Id:\"eafce093-3c6c-4728-8061-ab525ded8154\",Properties: {textures: [{Value: \"eyJ0ZXh0dXJlcyI6eyJTS0lOIjp7InVybCI6Imh0dHA6Ly90ZXh0dXJlcy5taW5lY3JhZnQubmV0L3RleHR1cmUvYTZlZjMwNzBmNmQyZTQ3YjViMTA1OWI0NWRiYzMyMmIyNDI1ZWEzZGUxZjFiY2I5NDI5MzM3ZmQ2OTNmYzYifX19\"}]}}}"
        },
        "title": {
            "text": "Gem Villagers",
            "color": "white",
            "bold": false,
            "italic": false
        },
        "description": {
            "text": "Adds custom functions that allows you to spawn villagers that have trades for mini blocks.",
            "color": "green",
            "bold": false,
            "italic": true
        },
        "show_toast": false,
        "announce_to_chat": false,
        "frame": "goal"
    },
    "parent": "main:main/treasure_gems",
    "criteria": {
        "tick": {
            "trigger": "minecraft:tick"
        }
    }
}