{
  "type": "minecraft:entity",
  "pools": [
    {
      "rolls": 1,
      "entries": [
        {
          "type": "minecraft:loot_table",
          "name": "vanilla:entities/cod"
        }
      ]
    },
    {
      "rolls": 1,
      "entries": [
        {
          "type": "item",
          "name": "minecraft:player_head",
          "weight": 1,
          "functions": [
            {
              "function": "set_nbt",
              "tag": "{SkullOwner:{Id:\"7a77df37-8a6d-4dfc-8631-7a902e0d7791\",Name:\"Cod\",Properties:{textures:[{Value:\"eyJ0ZXh0dXJlcyI6eyJTS0lOIjp7InVybCI6Imh0dHA6Ly90ZXh0dXJlcy5taW5lY3JhZnQubmV0L3RleHR1cmUvZjI0NmUxOWIzMmNmNzg0NTQ5NDQ3ZTA3Yjk2MDcyZTFmNjU2ZDc4ZTkzY2NjYTU2Mzc0ODVlNjc0OTczNDY1MiJ9fX0=\"}]}}}"
            }
          ]
        }
      ],
      "conditions": [
        {
          "condition": "killed_by_player"
        },
        {
          "condition": "random_chance_with_looting",
          "chance": 0.1,
          "looting_multiplier": 0.01
        }
      ]
    }
  ]
}
