{
  "type": "minecraft:entity",
  "pools": [
    {
      "rolls": 1,
      "entries": [
        {
          "type": "minecraft:loot_table",
          "name": "vanilla:entities/creeper"
        }
      ]
    },
    {
      "rolls": 1,
      "entries": [
        {
          "type": "item",
          "name": "minecraft:player_head",
          "weight": 1,
          "functions": [
            {
              "function": "set_nbt",
              "tag": "{SkullOwner:{Id:\"3b9bdc01-c62c-42a9-af61-a25c9009c738\",Name:\"Charged Creeper\",Properties:{textures:[{Value:\"eyJ0ZXh0dXJlcyI6eyJTS0lOIjp7InVybCI6Imh0dHA6Ly90ZXh0dXJlcy5taW5lY3JhZnQubmV0L3RleHR1cmUvMzUxMWU0YTNkNWFkZDZhNTQ0OTlhYmFkMTBkNzk5ZDA2Y2U0NWNiYTllNTIwYWZkMjAwODYwOGE2Mjg4YjdlNyJ9fX0=\"}]}}}"
            }
          ]
        }
      ],
      "conditions": [
        {
          "condition": "killed_by_player"
        },
        {
          "condition": "entity_properties",
          "predicate": {
            "nbt": "{powered:1b}"
          },
          "entity": "this"
        }
      ]
    }
  ]
}
