{
  "type": "minecraft:entity",
  "pools": [
    {
      "rolls": 1,
      "entries": [
        {
          "type": "minecraft:loot_table",
          "name": "vanilla:entities/elder_guardian"
        }
      ]
    },
    {
      "rolls": 1,
      "entries": [
        {
          "type": "item",
          "name": "minecraft:player_head",
          "weight": 1,
          "functions": [
            {
              "function": "set_nbt",
              "tag": "{SkullOwner:{Id:\"566bf310-f717-45d6-bac2-56325a9d55b3\",Name:\"Elder Guardian\",Properties:{textures:[{Value:\"eyJ0ZXh0dXJlcyI6eyJTS0lOIjp7InVybCI6Imh0dHA6Ly90ZXh0dXJlcy5taW5lY3JhZnQubmV0L3RleHR1cmUvNGEyZDY0ZjRhMDBlOWM4NWY2NzI2MmVkY2FjYjg0NTIzNTgxYWUwZjM3YmRhYjIyZGQ3MDQ1MjRmNjJlMTY5ZiJ9fX0=\"}]}}}"
            }
          ]
        }
      ],
      "conditions": [
        {
          "condition": "killed_by_player"
        },
        {
          "condition": "random_chance_with_looting",
          "chance": 0.30,
          "looting_multiplier": 0.5
        }
      ]
    }
  ]
}
