{
  "type": "minecraft:entity",
  "pools": [
    {
      "rolls": 1,
      "entries": [
        {
          "type": "minecraft:loot_table",
          "name": "vanilla:entities/evoker"
        }
      ]
    },
    {
      "rolls": 1,
      "entries": [
        {
          "type": "item",
          "name": "minecraft:player_head",
          "weight": 1,
          "functions": [
            {
              "function": "set_nbt",
              "tag": "{SkullOwner:{Id:\"f4d177cf-b22d-4407-80f3-480c50cc2d5e\",Name:\"Evoker\",Properties:{textures:[{Value:\"eyJ0ZXh0dXJlcyI6eyJTS0lOIjp7InVybCI6Imh0dHA6Ly90ZXh0dXJlcy5taW5lY3JhZnQubmV0L3RleHR1cmUvMzkwZmJkODhmNjU5ZDM5NjNjNjhjYmJjYjdjNzEyMWQ4MTk1YThiZTY1YmJkMmJmMTI1N2QxZjY5YmNjYzBjNyJ9fX0=\"}]}}}"
            }
          ]
        }
      ],
      "conditions": [
        {
          "condition": "killed_by_player"
        },
        {
          "condition": "random_chance_with_looting",
          "chance": 0.14,
          "looting_multiplier": 0.02
        }
      ]
    }
  ]
}
