{
  "type": "minecraft:entity",
  "pools": [
    {
      "rolls": 1,
      "entries": [
        {
          "type": "minecraft:loot_table",
          "name": "vanilla:entities/horse"
        }
      ]
    },
    {
      "rolls": 1,
      "entries": [
        {
          "type": "minecraft:alternatives",
          "conditions": [
            {
              "condition": "killed_by_player"
            },
            {
              "condition": "random_chance_with_looting",
              "chance": 0.02,
              "looting_multiplier": 0.01
            }
          ],
          "children": [
            {
              "type": "item",
              "name": "minecraft:player_head",
              "functions": [
                {
                  "function": "set_nbt",
                  "tag": "{SkullOwner:{Id:\"5465197e-5f7b-4b10-a52e-6ef4763bfd2a\",Name:\"White Horse\",Properties:{textures:[{Value:\"eyJ0ZXh0dXJlcyI6eyJTS0lOIjp7InVybCI6Imh0dHA6Ly90ZXh0dXJlcy5taW5lY3JhZnQubmV0L3RleHR1cmUvYzdiYzYxNjA5NzMwZjJjYjAxMDI2OGZhYjA4MjFiZDQ3MzUyNjk5NzUwYTE1MDU5OWYyMWMzZmM0ZTkyNTkxYSJ9fX0=\"}]}}}"
                }
              ],
              "conditions": [
                {
                  "condition": "alternative",
                  "terms": [
                    {
                      "condition": "entity_properties",
                      "predicate": {
                        "nbt": "{Variant:0}"
                      },
                      "entity": "this"
                    },
                    {
                      "condition": "entity_properties",
                      "predicate": {
                        "nbt": "{Variant:256}"
                      },
                      "entity": "this"
                    },
                    {
                      "condition": "entity_properties",
                      "predicate": {
                        "nbt": "{Variant:512}"
                      },
                      "entity": "this"
                    },
                    {
                      "condition": "entity_properties",
                      "predicate": {
                        "nbt": "{Variant:768}"
                      },
                      "entity": "this"
                    },
                    {
                      "condition": "entity_properties",
                      "predicate": {
                        "nbt": "{Variant:1024}"
                      },
                      "entity": "this"
                    }
                  ]
                }
              ]
            },
            {
              "type": "item",
              "name": "minecraft:player_head",
              "functions": [
                {
                  "function": "set_nbt",
                  "tag": "{SkullOwner:{Id:\"cc7276a0-d107-4da0-857a-7a94d7b69d74\",Name:\"Creamy Horse\",Properties:{textures:[{Value:\"eyJ0ZXh0dXJlcyI6eyJTS0lOIjp7InVybCI6Imh0dHA6Ly90ZXh0dXJlcy5taW5lY3JhZnQubmV0L3RleHR1cmUvNDJhMGQ1NGNjMDcxMjY3ZDZiZmQ1ZjUyM2Y4Yzg5ZGNmZGM1ZTgwNWZhYmJiNzYwMTBjYjNiZWZhNDY1YWE5NCJ9fX0=\"}]}}}"
                }
              ],
              "conditions": [
                {
                  "condition": "alternative",
                  "terms": [
                    {
                      "condition": "entity_properties",
                      "predicate": {
                        "nbt": "{Variant:1}"
                      },
                      "entity": "this"
                    },
                    {
                      "condition": "entity_properties",
                      "predicate": {
                        "nbt": "{Variant:257}"
                      },
                      "entity": "this"
                    },
                    {
                      "condition": "entity_properties",
                      "predicate": {
                        "nbt": "{Variant:513}"
                      },
                      "entity": "this"
                    },
                    {
                      "condition": "entity_properties",
                      "predicate": {
                        "nbt": "{Variant:769}"
                      },
                      "entity": "this"
                    },
                    {
                      "condition": "entity_properties",
                      "predicate": {
                        "nbt": "{Variant:1025}"
                      },
                      "entity": "this"
                    }
                  ]
                }
              ]
            },
            {
              "type": "item",
              "name": "minecraft:player_head",
              "functions": [
                {
                  "function": "set_nbt",
                  "tag": "{SkullOwner:{Id:\"a98ef2d5-9c48-49aa-8212-9d5a00b9f6b0\",Name:\"Chestnut Horse\",Properties:{textures:[{Value:\"eyJ0ZXh0dXJlcyI6eyJTS0lOIjp7InVybCI6Imh0dHA6Ly90ZXh0dXJlcy5taW5lY3JhZnQubmV0L3RleHR1cmUvNmM4NzIwZDFmNTUyNjkzYjQwYTlhMzNhZmE0MWNlZjA2YWZkMTQyODMzYmVkOWZhNWI4ODdlODhmMDVmNDlmYSJ9fX0=\"}]}}}"
                }
              ],
              "conditions": [
                {
                  "condition": "alternative",
                  "terms": [
                    {
                      "condition": "entity_properties",
                      "predicate": {
                        "nbt": "{Variant:2}"
                      },
                      "entity": "this"
                    },
                    {
                      "condition": "entity_properties",
                      "predicate": {
                        "nbt": "{Variant:258}"
                      },
                      "entity": "this"
                    },
                    {
                      "condition": "entity_properties",
                      "predicate": {
                        "nbt": "{Variant:514}"
                      },
                      "entity": "this"
                    },
                    {
                      "condition": "entity_properties",
                      "predicate": {
                        "nbt": "{Variant:770}"
                      },
                      "entity": "this"
                    },
                    {
                      "condition": "entity_properties",
                      "predicate": {
                        "nbt": "{Variant:1026}"
                      },
                      "entity": "this"
                    }
                  ]
                }
              ]
            },
            {
              "type": "item",
              "name": "minecraft:player_head",
              "functions": [
                {
                  "function": "set_nbt",
                  "tag": "{SkullOwner:{Id:\"612aea37-f6ab-4425-b45a-9c3d67a11310\",Name:\"Brown Horse\",Properties:{textures:[{Value:\"eyJ0ZXh0dXJlcyI6eyJTS0lOIjp7InVybCI6Imh0dHA6Ly90ZXh0dXJlcy5taW5lY3JhZnQubmV0L3RleHR1cmUvNjc3MTgwMDc3MGNiNGU4MTRhM2Q5MTE4NmZjZDc5NWVjODJlMDYxMDJmZjdjMWVlNGU1YzM4MDEwMmEwYzcwZiJ9fX0=\"}]}}}"
                }
              ],
              "conditions": [
                {
                  "condition": "alternative",
                  "terms": [
                    {
                      "condition": "entity_properties",
                      "predicate": {
                        "nbt": "{Variant:3}"
                      },
                      "entity": "this"
                    },
                    {
                      "condition": "entity_properties",
                      "predicate": {
                        "nbt": "{Variant:259}"
                      },
                      "entity": "this"
                    },
                    {
                      "condition": "entity_properties",
                      "predicate": {
                        "nbt": "{Variant:515}"
                      },
                      "entity": "this"
                    },
                    {
                      "condition": "entity_properties",
                      "predicate": {
                        "nbt": "{Variant:771}"
                      },
                      "entity": "this"
                    },
                    {
                      "condition": "entity_properties",
                      "predicate": {
                        "nbt": "{Variant:1027}"
                      },
                      "entity": "this"
                    }
                  ]
                }
              ]
            },
            {
              "type": "item",
              "name": "minecraft:player_head",
              "functions": [
                {
                  "function": "set_nbt",
                  "tag": "{SkullOwner:{Id:\"de101c2d-7f7c-4bcc-af82-4a1e54d341fe\",Name:\"Black Horse\",Properties:{textures:[{Value:\"eyJ0ZXh0dXJlcyI6eyJTS0lOIjp7InVybCI6Imh0dHA6Ly90ZXh0dXJlcy5taW5lY3JhZnQubmV0L3RleHR1cmUvNjcyM2ZhNWJlNmFjMjI5MmE3MjIzMGY1ZmQ3YWI2NjM0OTNiZDhmN2U2NDgxNjQyNGRjNWJmMjRmMTMzODkwYyJ9fX0=\"}]}}}"
                }
              ],
              "conditions": [
                {
                  "condition": "alternative",
                  "terms": [
                    {
                      "condition": "entity_properties",
                      "predicate": {
                        "nbt": "{Variant:4}"
                      },
                      "entity": "this"
                    },
                    {
                      "condition": "entity_properties",
                      "predicate": {
                        "nbt": "{Variant:260}"
                      },
                      "entity": "this"
                    },
                    {
                      "condition": "entity_properties",
                      "predicate": {
                        "nbt": "{Variant:516}"
                      },
                      "entity": "this"
                    },
                    {
                      "condition": "entity_properties",
                      "predicate": {
                        "nbt": "{Variant:772}"
                      },
                      "entity": "this"
                    },
                    {
                      "condition": "entity_properties",
                      "predicate": {
                        "nbt": "{Variant:1028}"
                      },
                      "entity": "this"
                    }
                  ]
                }
              ]
            },
            {
              "type": "item",
              "name": "minecraft:player_head",
              "functions": [
                {
                  "function": "set_nbt",
              "tag": "{SkullOwner:{Id:\"50d151e0-4435-495f-a076-77f133f4e6c2\",Name:\"Gray Horse\",Properties:{textures:[{Value:\"eyJ0ZXh0dXJlcyI6eyJTS0lOIjp7InVybCI6Imh0dHA6Ly90ZXh0dXJlcy5taW5lY3JhZnQubmV0L3RleHR1cmUvYzI1OTg2MTAyMTgxMDgzZmIzMTdiYzU3MTJmNzEwNGRhYTVhM2U4ODkyNjRkZmViYjkxNTlmNmUwOGJhYzkwYyJ9fX0=\"}]}}}"
                }
              ],
              "conditions": [
                {
                  "condition": "alternative",
                  "terms": [
                    {
                      "condition": "entity_properties",
                      "predicate": {
                        "nbt": "{Variant:5}"
                      },
                      "entity": "this"
                    },
                    {
                      "condition": "entity_properties",
                      "predicate": {
                        "nbt": "{Variant:261}"
                      },
                      "entity": "this"
                    },
                    {
                      "condition": "entity_properties",
                      "predicate": {
                        "nbt": "{Variant:517}"
                      },
                      "entity": "this"
                    },
                    {
                      "condition": "entity_properties",
                      "predicate": {
                        "nbt": "{Variant:773}"
                      },
                      "entity": "this"
                    },
                    {
                      "condition": "entity_properties",
                      "predicate": {
                        "nbt": "{Variant:1029}"
                      },
                      "entity": "this"
                    }
                  ]
                }
              ]
            },
            {
              "type": "item",
              "name": "minecraft:player_head",
              "functions": [
                {
                  "function": "set_nbt",
                  "tag": "{SkullOwner:{Id:\"8de6a9d9-c214-4bd1-aa52-3d62d2b3f7d1\",Name:\"Dark Brown Horse\",Properties:{textures:[{Value:\"eyJ0ZXh0dXJlcyI6eyJTS0lOIjp7InVybCI6Imh0dHA6Ly90ZXh0dXJlcy5taW5lY3JhZnQubmV0L3RleHR1cmUvN2YyMzQxYWFhMGM4MmMyMmJiYzIwNzA2M2UzMTkyOTEwOTdjNTM5YWRhZDlhYTkxM2ViODAwMWIxMWFhNTlkYSJ9fX0=\"}]}}}"
                }
              ],
              "conditions": [
                {
                  "condition": "alternative",
                  "terms": [
                    {
                      "condition": "entity_properties",
                      "predicate": {
                        "nbt": "{Variant:6}"
                      },
                      "entity": "this"
                    },
                    {
                      "condition": "entity_properties",
                      "predicate": {
                        "nbt": "{Variant:262}"
                      },
                      "entity": "this"
                    },
                    {
                      "condition": "entity_properties",
                      "predicate": {
                        "nbt": "{Variant:518}"
                      },
                      "entity": "this"
                    },
                    {
                      "condition": "entity_properties",
                      "predicate": {
                        "nbt": "{Variant:774}"
                      },
                      "entity": "this"
                    },
                    {
                      "condition": "entity_properties",
                      "predicate": {
                        "nbt": "{Variant:1030}"
                      },
                      "entity": "this"
                    }
                  ]
                }
              ]
            }
          ]
        }
      ]
    }
  ]
}
