{
  "type": "minecraft:entity",
  "pools": [
    {
      "rolls": 1,
      "entries": [
        {
          "type": "minecraft:loot_table",
          "name": "vanilla:entities/panda"
        }
      ]
    },
    {
      "rolls": 1,
      "entries": [
        {
          "type": "minecraft:alternatives",
          "conditions": [
            {
              "condition": "killed_by_player"
            },
            {
              "condition": "random_chance_with_looting",
              "chance": 0.018,
              "looting_multiplier": 0.004
            }
          ],
          "children": [
            {
              "type": "item",
              "name": "minecraft:player_head",
              "functions": [
                {
                  "function": "set_nbt",
                  "tag": "{SkullOwner:{Id:\"30697174-9b31-421c-bc7a-fb6d60cabb6e\",Name:\"Aggressive Panda\",Properties:{textures:[{Value:\"eyJ0ZXh0dXJlcyI6eyJTS0lOIjp7InVybCI6Imh0dHA6Ly90ZXh0dXJlcy5taW5lY3JhZnQubmV0L3RleHR1cmUvZTU0NmU0MzZkMTY2YjE3ZjA1MjFiZDg1MzhlYTEzY2Q2ZWUzYjVkZjEwMmViMzJlM2U0MjVjYjI4NWQ0NDA2MyJ9fX0=\"}]}}}"
                }
              ],
              "conditions": [
                {
                  "condition": "entity_properties",
                  "predicate": {
                    "nbt": "{MainGene:\"aggressive\"}"
                  },
                  "entity": "this"
                }
              ]
            },
            {
              "type": "item",
              "name": "minecraft:player_head",
              "functions": [
                {
                  "function": "set_nbt",
                  "tag": "{SkullOwner:{Id:\"a4de0438-255d-446e-8658-fa0d18979877\",Name:\"Lazy Panda\",Properties:{textures:[{Value:\"eyJ0ZXh0dXJlcyI6eyJTS0lOIjp7InVybCI6Imh0dHA6Ly90ZXh0dXJlcy5taW5lY3JhZnQubmV0L3RleHR1cmUvNTg3ZjFmNWRiMmUyNGRmNGRhYWVkNDY4NWQ2YWVlNWRlYjdjZGQwMjk2MzBmMDA3OWMxZjhlMWY5NzQxYWNmZCJ9fX0=\"}]}}}"
                }
              ],
              "conditions": [
                {
                  "condition": "entity_properties",
                  "predicate": {
                    "nbt": "{MainGene:\"lazy\"}"
                  },
                  "entity": "this"
                }
              ]
            },
            {
              "type": "item",
              "name": "minecraft:player_head",
              "functions": [
                {
                  "function": "set_nbt",
                  "tag": "{SkullOwner:{Id:\"6d3b9dfe-9e27-45de-8a81-6a962f663c03\",Name:\"Playful Panda\",Properties:{textures:[{Value:\"eyJ0ZXh0dXJlcyI6eyJTS0lOIjp7InVybCI6Imh0dHA6Ly90ZXh0dXJlcy5taW5lY3JhZnQubmV0L3RleHR1cmUvOGNhZGQ0YmYzYzRjYWNlOTE2NjgwZTFmZWY5MGI1ZDE2YWQ2NjQzOTUxNzI1NjY4YmE2YjQ5OTZiNjljYTE0MCJ9fX0=\"}]}}}"
                }
              ],
              "conditions": [
                {
                  "condition": "entity_properties",
                  "predicate": {
                    "nbt": "{MainGene:\"playful\"}"
                  },
                  "entity": "this"
                }
              ]
            },
            {
              "type": "item",
              "name": "minecraft:player_head",
              "functions": [
                {
                  "function": "set_nbt",
                  "tag": "{SkullOwner:{Id:\"a26e2c67-e282-4673-8e32-099c2e7ffc9a\",Name:\"Worried Panda\",Properties:{textures:[{Value:\"eyJ0ZXh0dXJlcyI6eyJTS0lOIjp7InVybCI6Imh0dHA6Ly90ZXh0dXJlcy5taW5lY3JhZnQubmV0L3RleHR1cmUvZmI4NmZkMWJmOGNiY2UyM2JjMDhmYjkwNjkxNzE3NjExYWRkYzg1YWI4MjNiNzcxNGFlYzk4YTU2NjBlZmYxNSJ9fX0=\"}]}}}"
                }
              ],
              "conditions": [
                {
                  "condition": "entity_properties",
                  "predicate": {
                    "nbt": "{MainGene:\"worried\"}"
                  },
                  "entity": "this"
                }
              ]
            },
            {
              "type": "item",
              "name": "minecraft:player_head",
              "functions": [
                {
                  "function": "set_nbt",
                  "tag": "{SkullOwner:{Id:\"a2a3e8df-bc0c-4adf-838b-1d687a922828\",Name:\"Brown Panda\",Properties:{textures:[{Value:\"eyJ0ZXh0dXJlcyI6eyJTS0lOIjp7InVybCI6Imh0dHA6Ly90ZXh0dXJlcy5taW5lY3JhZnQubmV0L3RleHR1cmUvMWQ1ZjZkNjEyNjcyODY3MWI0NGMxYzc3NWY5OTYxNzQyNGUzMzYxMWI1ZDMxYWQyYWNmZjI4MDRlYjk2ZWIwNiJ9fX0=\"}]}}}"
                }
              ],
              "conditions": [
                {
                  "condition": "entity_properties",
                  "predicate": {
                    "nbt": "{MainGene:\"brown\",HiddenGene:\"brown\"}"
                  },
                  "entity": "this"
                }
              ]
            },
            {
              "type": "item",
              "name": "minecraft:player_head",
              "functions": [
                {
                  "function": "set_nbt",
                  "tag": "{SkullOwner:{Id:\"c6f2e55c-eff8-40aa-8c90-153691551e01\",Name:\"Weak Panda\",Properties:{textures:[{Value:\"eyJ0ZXh0dXJlcyI6eyJTS0lOIjp7InVybCI6Imh0dHA6Ly90ZXh0dXJlcy5taW5lY3JhZnQubmV0L3RleHR1cmUvY2M1NmEzNTVmYmUwZTJmYmQyOGU4NWM0ZDgxNWZmYTVkMWY5ZDVmODc5OGRiYzI1OWZmODhjNGFkZGIyMDJhZSJ9fX0=\"}]}}}"
                }
              ],
              "conditions": [
                {
                  "condition": "entity_properties",
                  "predicate": {
                    "nbt": "{MainGene:\"weak\",HiddenGene:\"weak\"}"
                  },
                  "entity": "this"
                }
              ]
            },
            {
              "type": "item",
              "name": "minecraft:player_head",
              "functions": [
                {
                  "function": "set_nbt",
                  "tag": "{SkullOwner:{Id:\"d92092c3-4abc-48f3-a52f-d8de6de4c981\",Name:\"Panda\",Properties:{textures:[{Value:\"eyJ0ZXh0dXJlcyI6eyJTS0lOIjp7InVybCI6Imh0dHA6Ly90ZXh0dXJlcy5taW5lY3JhZnQubmV0L3RleHR1cmUvNTlkZjQ3ZTAxNWQ1YzFjNjhkNzJiZTExYmI2NTYzODBmYzZkYjUzM2FhYjM4OTQxYTkxYjFkM2Q1ZTM5NjQ5NyJ9fX0=\"}]}}}"
                }
              ]
            }
          ]
        }
      ]
    }
  ]
}
