{
  "type": "minecraft:entity",
  "pools": [
    {
      "rolls": 1,
      "entries": [
        {
          "type": "minecraft:loot_table",
          "name": "vanilla:entities/rabbit"
        }
      ]
    },
    {
      "rolls": 1,
      "entries": [
        {
          "type": "minecraft:alternatives",
          "conditions": [
            {
              "condition": "killed_by_player"
            },
            {
              "condition": "random_chance_with_looting",
              "chance": 0.10,
              "looting_multiplier": 0.05
            }
          ],
          "children": [
            {
              "type": "item",
              "name": "minecraft:player_head",
              "functions": [
                {
                  "function": "set_nbt",
                    "tag": "{SkullOwner:{Id:\"9e2c8ab3-3e67-42be-ae8f-050ec894d1f1\",Name:\"Toast\",Properties:{textures:[{Value:\"eyJ0ZXh0dXJlcyI6eyJTS0lOIjp7InVybCI6Imh0dHA6Ly90ZXh0dXJlcy5taW5lY3JhZnQubmV0L3RleHR1cmUvNTFhNTdjM2QwYTliMTBlMTNmNjZkZjc0MjAwY2I4YTZkNDg0YzY3MjIyNjgxMmQ3NGUyNWY2YzAyNzQxMDYxNiJ9fX0=\"}]}}}"
                }
              ],
              "conditions": [
                {
                  "condition": "entity_properties",
                  "predicate": {
                    "nbt": "{CustomName:\"{\\\"text\\\":\\\"Toast\\\"}\"}"
                  },
                  "entity": "this"
                }
              ]
            },
            {
              "type": "item",
              "name": "minecraft:player_head",
              "functions": [
                {
                  "function": "set_nbt",
                  "tag": "{SkullOwner:{Id:\"95707716-a7c2-4741-bb70-03761cf1887a\",Name:\"Brown Rabbit\",Properties:{textures:[{Value:\"eyJ0ZXh0dXJlcyI6eyJTS0lOIjp7InVybCI6Imh0dHA6Ly90ZXh0dXJlcy5taW5lY3JhZnQubmV0L3RleHR1cmUvY2ZkNGY4NmNmNzQ3M2ZiYWU5M2IxZTA5MDQ4OWI2NGMwYmUxMjZjN2JiMTZmZmM4OGMwMDI0NDdkNWM3Mjc5NSJ9fX0=\"}]}}}"
                }
              ],
              "conditions": [
                {
                  "condition": "entity_properties",
                  "predicate": {
                    "nbt": "{RabbitType:0}"
                  },
                  "entity": "this"
                }
              ]
            },
            {
              "type": "item",
              "name": "minecraft:player_head",
              "functions": [
                {
                  "function": "set_nbt",
                  "tag": "{SkullOwner:{Id:\"1288e126-41dd-4608-b304-86d84464d5e4\",Name:\"White Rabbit\",Properties:{textures:[{Value:\"eyJ0ZXh0dXJlcyI6eyJTS0lOIjp7InVybCI6Imh0dHA6Ly90ZXh0dXJlcy5taW5lY3JhZnQubmV0L3RleHR1cmUvOTU0MmQ3MTYwOTg3MTQ4YTVkOGUyMGU0NjliZDliM2MyYTM5NDZjN2ZiNTkyM2Y1NWI5YmVhZTk5MTg1ZiJ9fX0=\"}]}}}"
                }
              ],
              "conditions": [
                {
                  "condition": "entity_properties",
                  "predicate": {
                    "nbt": "{RabbitType:1}"
                  },
                  "entity": "this"
                }
              ]
            },
            {
              "type": "item",
              "name": "minecraft:player_head",
              "functions": [
                {
                  "function": "set_nbt",
                  "tag": "{SkullOwner:{Id:\"5492c4d3-b524-4df5-9267-1b48e86491e1\",Name:\"Black Rabbit\",Properties:{textures:[{Value:\"eyJ0ZXh0dXJlcyI6eyJTS0lOIjp7InVybCI6Imh0dHA6Ly90ZXh0dXJlcy5taW5lY3JhZnQubmV0L3RleHR1cmUvYjJiNDI1ZmYyYTIzNmFiMTljYzkzOTcxOTVkYjQwZjhmMTg1YjE5MWM0MGJmNDRiMjZlOTVlYWM5ZmI1ZWZhMyJ9fX0=\"}]}}}"
                }
              ],
              "conditions": [
                {
                  "condition": "entity_properties",
                  "predicate": {
                    "nbt": "{RabbitType:2}"
                  },
                  "entity": "this"
                }
              ]
            },
            {
              "type": "item",
              "name": "minecraft:player_head",
              "functions": [
                {
                  "function": "set_nbt",
                "tag": "{SkullOwner:{Id:\"dac10930-ace7-4c3e-a977-85f27f19a011\",Name:\"Black and White Rabbit\",Properties:{textures:[{Value:\"eyJ0ZXh0dXJlcyI6eyJTS0lOIjp7InVybCI6Imh0dHA6Ly90ZXh0dXJlcy5taW5lY3JhZnQubmV0L3RleHR1cmUvMzVmNzJhMjE5NWViZjQxMTdjNTA1NmNmZTJiNzM1N2VjNWJmODMyZWRlMTg1NmE3NzczZWU0MmEwZDBmYjNmMCJ9fX0=\"}]}}}"
                }
              ],
              "conditions": [
                {
                  "condition": "entity_properties",
                  "predicate": {
                    "nbt": "{RabbitType:3}"
                  },
                  "entity": "this"
                }
              ]
            },
            {
              "type": "item",
              "name": "minecraft:player_head",
              "functions": [
                {
                  "function": "set_nbt",
                  "tag": "{SkullOwner:{Id:\"87a49ce2-fbf9-43e9-a120-8bf58f5da6b2\",Name:\"Gold Rabbit\",Properties:{textures:[{Value:\"eyJ0ZXh0dXJlcyI6eyJTS0lOIjp7InVybCI6Imh0dHA6Ly90ZXh0dXJlcy5taW5lY3JhZnQubmV0L3RleHR1cmUvNzY3YjcyMjY1NmZkZWVjMzk5NzRkMzM5NWM1ZTE4YjQ3YzVlMjM3YmNlNWJiY2VkOWI3NTUzYWExNGI1NDU4NyJ9fX0=\"}]}}}"
                }
              ],
              "conditions": [
                {
                  "condition": "entity_properties",
                  "predicate": {
                    "nbt": "{RabbitType:4}"
                  },
                  "entity": "this"
                }
              ]
            },
            {
              "type": "item",
              "name": "minecraft:player_head",
              "functions": [
                {
                  "function": "set_nbt",
                  "tag": "{SkullOwner:{Id:\"7f6a75ab-3039-475b-8df8-7b46be3614f0\",Name:\"Salt and Pepper Rabbit\",Properties:{textures:[{Value:\"eyJ0ZXh0dXJlcyI6eyJTS0lOIjp7InVybCI6Imh0dHA6Ly90ZXh0dXJlcy5taW5lY3JhZnQubmV0L3RleHR1cmUvOTIzODUxOWZmMzk4MTViMTZjNDA2MjgyM2U0MzE2MWZmYWFjOTY4OTRmZTA4OGIwMThlNmEyNGMyNmUxODFlYyJ9fX0=\"}]}}}"
                }
              ],
              "conditions": [
                {
                  "condition": "entity_properties",
                  "predicate": {
                    "nbt": "{RabbitType:5}"
                  },
                  "entity": "this"
                }
              ]
            },
            {
              "type": "item",
              "name": "minecraft:player_head",
              "functions": [
                {
                  "function": "set_nbt",
                  "tag": "{SkullOwner:{Id:\"2edafc73-f4d7-4707-b532-8059c3794258\",Name:\"The Killer Rabbit\",Properties:{textures:[{Value:\"eyJ0ZXh0dXJlcyI6eyJTS0lOIjp7InVybCI6Imh0dHA6Ly90ZXh0dXJlcy5taW5lY3JhZnQubmV0L3RleHR1cmUvNzFkZDc2NzkyOWVmMmZkMmQ0M2U4NmU4NzQ0YzRiMGQ4MTA4NTM0NzEyMDFmMmRmYTE4Zjk2YTY3ZGU1NmUyZiJ9fX0=\"}]}}}"
                }
              ],
              "conditions": [
                {
                  "condition": "entity_properties",
                  "predicate": {
                    "nbt": "{RabbitType:99}"
                  },
                  "entity": "this"
                }
              ]
            }
          ]
        }
      ]
    }
  ]
}
