{
  "type": "minecraft:entity",
  "pools": [
    {
      "rolls": 1,
      "entries": [
        {
          "type": "minecraft:loot_table",
          "name": "vanilla:entities/skeleton_horse"
        }
      ]
    },
    {
      "rolls": 1,
      "entries": [
        {
          "type": "item",
          "name": "minecraft:player_head",
          "weight": 1,
          "functions": [
            {
              "function": "set_nbt",
              "tag": "{SkullOwner:{Id:\"d11eb7d3-a245-49aa-8a1e-9aa4c4e52b53\",Name:\"Skeleton Horse\",Properties:{textures:[{Value:\"eyJ0ZXh0dXJlcyI6eyJTS0lOIjp7InVybCI6Imh0dHA6Ly90ZXh0dXJlcy5taW5lY3JhZnQubmV0L3RleHR1cmUvNmUyMjY3MDViZDJhOWU3YmI4ZDZiMGY0ZGFhOTY5YjllMTJkNGFlNWM2NmRhNjkzYmI1ZjRhNGExZTZhYTI5NiJ9fX0=\"}]}}}"
            }
          ]
        }
      ],
      "conditions": [
        {
          "condition": "killed_by_player"
        },
        {
          "condition": "random_chance_with_looting",
          "chance": 0.20,
          "looting_multiplier": 0.05
        }
      ]
    }
  ]
}
