{
  "type": "minecraft:entity",
  "pools": [
    {
      "rolls": 1,
      "entries": [
        {
          "type": "minecraft:loot_table",
          "name": "vanilla:entities/vindicator"
        }
      ]
    },
    {
      "rolls": 1,
      "entries": [
        {
          "type": "item",
          "name": "minecraft:player_head",
          "weight": 1,
          "functions": [
            {
              "function": "set_nbt",
              "tag": "{SkullOwner:{Id:\"f1ecfcb3-fab9-4f74-b309-9a6c2ef56f2f\",Name:\"Vindicator\",Properties:{textures:[{Value:\"eyJ0ZXh0dXJlcyI6eyJTS0lOIjp7InVybCI6Imh0dHA6Ly90ZXh0dXJlcy5taW5lY3JhZnQubmV0L3RleHR1cmUvMmRhYmFmZGUyN2VlMTJiMDk4NjUwNDdhZmY2ZjE4M2ZkYjY0ZTA0ZGFlMWMwMGNjYmRlMDRhZDkzZGNjNmM5NSJ9fX0=\"}]}}}"
            }
          ]
        }
      ],
      "conditions": [
        {
          "condition": "killed_by_player"
        },
        {
          "condition": "random_chance_with_looting",
          "chance": 0.055,
          "looting_multiplier": 0.015
        }
      ]
    }
  ]
}
