{
  "type": "minecraft:entity",
  "pools": [
    {
      "rolls": 1,
      "entries": [
        {
          "type": "minecraft:loot_table",
          "name": "vanilla:entities/wither"
        }
      ]
    },
    {
      "conditions": [
        {
          "condition": "killed_by_player"
        }
      ],
      "rolls": 1,
      "entries": [
        {
          "type": "item",
          "name": "minecraft:player_head",
          "weight": 3,
          "functions": [
            {
              "function": "set_nbt",
              "tag": "{SkullOwner:{Id:\"86034734-f8c6-44a2-9cff-f047dad30794\",Name:\"Wither\",Properties:{textures:[{Value:\"eyJ0ZXh0dXJlcyI6eyJTS0lOIjp7InVybCI6Imh0dHA6Ly90ZXh0dXJlcy5taW5lY3JhZnQubmV0L3RleHR1cmUvZWRhMTA4MjhmNjNiN2VjZGVmZDc2N2IzMjQ1ZmJkYWExM2MzZWMwYzZiMTM3NzRmMWVlOGQzMDdjMDM0YzM4MyJ9fX0=\"}]}}}"
            }
          ]
        },
        {
          "type": "item",
          "name": "minecraft:player_head",
          "weight": 3,
          "functions": [
            {
              "function": "set_nbt",
              "tag": "{SkullOwner:{Id:\"3ff7692f-f639-42b1-9ed7-1ce1f22ca6de\",Name:\"Invulnerable Wither\",Properties:{textures:[{Value:\"eyJ0ZXh0dXJlcyI6eyJTS0lOIjp7InVybCI6Imh0dHA6Ly90ZXh0dXJlcy5taW5lY3JhZnQubmV0L3RleHR1cmUvMzE5NmViOGQ1OTljNGZlZjUzYTk3MTc2YjcyZmY4ZmM0MWUzMmE2NmExNTlmZDQ1MTkwYTBkYTE1NDU4N2UxMiJ9fX0=\"}]}}}"
            }
          ]
        },
        {
          "type": "item",
          "name": "minecraft:player_head",
          "weight": 2,
          "functions": [
            {
              "function": "set_nbt",
              "tag": "{SkullOwner:{Id:\"0aa676db-c489-4837-b733-55b89714d4f6\",Name:\"Armored Wither\",Properties:{textures:[{Value:\"eyJ0ZXh0dXJlcyI6eyJTS0lOIjp7InVybCI6Imh0dHA6Ly90ZXh0dXJlcy5taW5lY3JhZnQubmV0L3RleHR1cmUvYjM3YzU4MTRhOTJmOGVjMGY2YWU5OTMzYWJlOTU0MmUxNjUxOTA3NjhlNzYwNDc4NTQzYWViZWVkNDAyN2MyNyJ9fX0=\"}]}}}"
            }
          ]
        },
        {
          "type": "item",
          "name": "minecraft:player_head",
          "weight": 2,
          "functions": [
            {
              "function": "set_nbt",
              "tag": "{SkullOwner:{Id:\"8e4c90d2-d6b4-419b-a8f6-66bdacb3ab5f\",Name:\"Armored Invulnerable Wither\",Properties:{textures:[{Value:\"eyJ0ZXh0dXJlcyI6eyJTS0lOIjp7InVybCI6Imh0dHA6Ly90ZXh0dXJlcy5taW5lY3JhZnQubmV0L3RleHR1cmUvZDM2ODJiMDYyMDNiOWRlNGMyODU0MTA3MWEyNmNkYzM0MGRkMjVkNGMzNzJiNzAyM2VjMmY0MTIwMjFkNjJmNyJ9fX0=\"}]}}}"
            }
          ]
        }
      ]
    }
  ]
}
