{
  "type": "minecraft:entity",
  "pools": [
    {
      "rolls": 1,
      "entries": [
        {
          "type": "minecraft:loot_table",
          "name": "vanilla:entities/wolf"
        }
      ]
    },
    {
      "rolls": 1,
      "entries": [
        {
          "type": "item",
          "name": "minecraft:player_head",
          "weight": 1,
          "functions": [
            {
              "function": "set_nbt",
              "tag": "{SkullOwner:{Id:\"13bc0cd2-ce73-43a1-952b-35772e7fa0bd\",Name:\"Wolf\",Properties:{textures:[{Value:\"eyJ0ZXh0dXJlcyI6eyJTS0lOIjp7InVybCI6Imh0dHA6Ly90ZXh0dXJlcy5taW5lY3JhZnQubmV0L3RleHR1cmUvYjY0MzlhNDNlNTY4NzAwODgxNWEyZGQxZmY0YTEzNGMxMjIyMWI3ODIzMzY2NzhiOTc5YWQxM2RjZTM5NjY1ZSJ9fX0=\"}]}}}"
            }
          ]
        },
		{
          "type": "item",
          "name": "minecraft:player_head",
          "weight": 1,
          "functions": [
            {
              "function": "set_nbt",
              "tag": "{SkullOwner:{Id:\"d195f54b-847b-47a6-8a43-7ec20c21f731\",Name:\"Angry Wolf\",Properties:{textures:[{Value:\"eyJ0ZXh0dXJlcyI6eyJTS0lOIjp7InVybCI6Imh0dHA6Ly90ZXh0dXJlcy5taW5lY3JhZnQubmV0L3RleHR1cmUvOGQxYWE3ZTNiOTU2NGIzODQ2ZjFkZWExNGYxYjFjY2JmMzk5YmJiMjNiOTUyZGJkN2VlYzQxODAyYTI4OWM5NiJ9fX0=\"}]}}}"
            }
          ]
        }
      ],
      "conditions": [
        {
          "condition": "killed_by_player"
        },
        {
          "condition": "random_chance_with_looting",
          "chance": 0.02,
          "looting_multiplier": 0.01
        }
      ]
    }
  ]
}
