{
  "type": "minecraft:entity",
  "pools": [
    {
      "rolls": 1,
      "entries": [
        {
          "type": "minecraft:loot_table",
          "name": "vanilla:entities/zombie_pigman"
        }
      ]
    },
    {
      "rolls": 1,
      "entries": [
        {
          "type": "item",
          "name": "minecraft:player_head",
          "weight": 1,
          "functions": [
            {
              "function": "set_nbt",
              "tag": "{SkullOwner:{Id:\"6dfe31ce-27f6-4e4b-a515-60a57b77cc8c\",Name:\"Zombie Pigman\",Properties:{textures:[{Value:\"eyJ0ZXh0dXJlcyI6eyJTS0lOIjp7InVybCI6Imh0dHA6Ly90ZXh0dXJlcy5taW5lY3JhZnQubmV0L3RleHR1cmUvNmNhNmQ2YmVkMGZkYWJiNmE0OWM0MTMzM2IzYTU3NzgwNmJlNjZiODEyOTNiYmU5MGJiMWNjY2I3ZjM2M2E4MCJ9fX0=\"}]}}}"
            }
          ]
        }
      ],
      "conditions": [
        {
          "condition": "killed_by_player"
        },
        {
          "condition": "random_chance_with_looting",
          "chance": 0.001,
          "looting_multiplier": 0.001
        }
      ]
    }
  ]
}
