{
    "type": "minecraft:block",
    "pools": [
        {
        "rolls": 1,
        "entries": [
            {
            "type": "minecraft:alternatives",
            "children": [
                {
                "type": "minecraft:item",
                "conditions": [
                    {
                    "condition": "minecraft:match_tool",
                    "predicate": {
                        "enchantments": [
                        {
                            "enchantment": "minecraft:silk_touch",
                            "levels": {
                            "min": 1
                            }
                        }
                        ]
                    }
                    }
                ],
                "name": "minecraft:redstone_ore"
                },
                {
                "type": "minecraft:item",
                "functions": [
                    {
                    "function": "minecraft:set_count",
                    "count": {
                        "min": 4.0,
                        "max": 5.0,
                        "type": "minecraft:uniform"
                    }
                    },
                    {
                    "function": "minecraft:apply_bonus",
                    "enchantment": "minecraft:fortune",
                    "formula": "minecraft:uniform_bonus_count",
                    "parameters": {
                        "bonusMultiplier": 1
                    }
                    },
                    {
                    "function": "minecraft:explosion_decay"
                    }
                ],
                "name": "minecraft:redstone"
                }
            ]
            }
        ]
        },
        {
            "rolls": 1,
            "entries": [{
                    "type": "item",
                    "weight": 1,
                    "name": "minecraft:redstone",
                    "functions": [{
                        "function": "set_nbt",
                        "tag": "{display:{Name:'[{\"text\":\"Radiating Redstone\",\"italic\":false}]',Lore:['[{\"text\":\"Villagers might be interested in this...\",\"italic\":false}]']},Enchantments:[{}],tag:\"mt_engineer\"}"
                    }]
                },
                {
                    "type": "empty",
                    "weight": 255
                }
            ]
        }
    ]
}