{
    "display": {
        "title": {
            "text": "Garden Variety",
            "italic": false
        },
        "description": {
            "text": "Trade with all garden Miniblock Traders.",
            "color": "green"
        },
        "icon": {
            "item": "minecraft:player_head",
            "nbt": "{SkullOwner:{Id:[I;-883758227,1536180826,-1953110233,1174759579],Properties:{textures:[{Value:'eyJ0ZXh0dXJlcyI6eyJTS0lOIjp7InVybCI6Imh0dHA6Ly90ZXh0dXJlcy5taW5lY3JhZnQubmV0L3RleHR1cmUvZmRlMmNjNDVkYzIzMTU5ZTkyZGZiMjM0ZmRjMmNmNGIzZmUxMzc5MjRlNzIxMzhkNzhmNTE1YTY0OTUifX19'}]}}}"
        },
        "frame": "goal",
        "show_toast": true,
        "announce_to_chat": true
    },
    "parent": "global:traders/trade_any",
    "criteria": {
        "trade1": {
            "trigger": "minecraft:villager_trade",
            "conditions": {
                "villager": {
                    "nbt": "{Tags:[\"mt_trader_apple\"]}"
                }
            }
        },
        "trade2": {
            "trigger": "minecraft:villager_trade",
            "conditions": {
                "villager": {
                    "nbt": "{Tags:[\"mt_trader_sapling\"]}"
                }
            }
        },
        "trade3": {
            "trigger": "minecraft:villager_trade",
            "conditions": {
                "villager": {
                    "nbt": "{Tags:[\"mt_trader_carrot\"]}"
                }
            }
        },
        "trade4": {
            "trigger": "minecraft:villager_trade",
            "conditions": {
                "villager": {
                    "nbt": "{Tags:[\"mt_trader_flower\"]}"
                }
            }
        },
        "trade5": {
            "trigger": "minecraft:villager_trade",
            "conditions": {
                "villager": {
                    "nbt": "{Tags:[\"mt_trader_bees\"]}"
                }
            }
        }
    }
}