{
    "display": {
        "title": {
            "text": "In The Middle Of Our Street",
            "italic": false
        },
        "description": {
            "text": "Trade with all household Miniblock Traders.",
            "color": "green"
        },
        "icon": {
            "item": "minecraft:player_head",
            "nbt": "{SkullOwner:{Id:[I;891982802,1654277952,-1266198704,-1544975137],Properties:{textures:[{Value:'eyJ0ZXh0dXJlcyI6eyJTS0lOIjp7InVybCI6Imh0dHA6Ly90ZXh0dXJlcy5taW5lY3JhZnQubmV0L3RleHR1cmUvNjNkMDJjZGMwNzViYjFjYzVmNmZlM2M3NzExYWU0OTc3ZTM4YjkxMGQ1MGVkNjAyM2RmNzM5MTNlNWU3ZmNmZiJ9fX0='}]}}}"
        },
        "frame": "goal",
        "show_toast": true,
        "announce_to_chat": true
    },
    "parent": "global:traders/trade_any",
    "criteria": {
        "trade1": {
            "trigger": "minecraft:villager_trade",
            "conditions": {
                "villager": {
                    "nbt": "{Tags:[\"mt_trader_furnish\"]}"
                }
            }
        },
        "trade2": {
            "trigger": "minecraft:villager_trade",
            "conditions": {
                "villager": {
                    "nbt": "{Tags:[\"mt_trader_sculpt\"]}"
                }
            }
        },
        "trade3": {
            "trigger": "minecraft:villager_trade",
            "conditions": {
                "villager": {
                    "nbt": "{Tags:[\"mt_trader_clothes\"]}"
                }
            }
        },
        "trade4": {
            "trigger": "minecraft:villager_trade",
            "conditions": {
                "villager": {
                    "nbt": "{Tags:[\"mt_trader_plush\"]}"
                }
            }
        },
        "trade5": {
            "trigger": "minecraft:villager_trade",
            "conditions": {
                "villager": {
                    "nbt": "{Tags:[\"mt_trader_game\"]}"
                }
            }
        }
    }
}