{
	"display": {
		"title": "Hip Hoppers        ",
		"description": [
			{
				"text": "Simply toss a  ",
				"color": "green"
			},
			{
				"text": "Rabbit's Foot",
				"color": "gold"
			},
			{
				"text": " at a ",
				"color": "green"
			},
			{
				"text": "Rabbit",
				"color": "gold"
			},
			{
				"text": " to turn it into a ",
				"color": "green"
			},
			{
				"text": "baby Rabbit",
				"color": "aqua"
			},
			{
				"text": " permanently!",
				"color": "green"
			}
		],
		"icon": {
			"item": "minecraft:player_head",
			"nbt": "{SkullOwner:{Id:[I;874224920,1804553153,-1786760477,-2004869777],Properties:{textures:[{Value:'eyJ0ZXh0dXJlcyI6eyJTS0lOIjp7InVybCI6Imh0dHA6Ly90ZXh0dXJlcy5taW5lY3JhZnQubmV0L3RleHR1cmUvZGMyOWFlYmU4MDNlNWQ0ZGMzYjAxMGM5ZGQ1NjQ0NGY4NjNiMmQ4NmE2YTJhZmQ0YTZhNzIxNzQ4YmE0ZmEifX19'}]}}}"
		},
		"announce_to_chat": false,
		"show_toast": false
	},
	"parent": "global:maxheyn",
	"criteria": {
		"trigger": {
			"trigger": "minecraft:tick"
		}
	}
}