{
	"parent": "item/generated",
	"textures": {
		"layer0": "item/apple"
	},
	"overrides": [
		{ "predicate": { "custom_model_data": 7955}, "model": "item/apple_stage_1" },
		{ "predicate": { "custom_model_data": 7956}, "model": "item/apple_stage_2" },
		{ "predicate": { "custom_model_data": 7957}, "model": "item/apple_stage_3" },
		{ "predicate": { "custom_model_data": 7958}, "model": "item/apple_stage_4" },
		{ "predicate": { "custom_model_data": 7959}, "model": "item/apple_stage_5" },
		{ "predicate": { "custom_model_data": 7960}, "model": "item/apple_stage_6" }
	]
}
