{
	"parent": "item/generated",
	"textures": {
		"layer0": "item/item_frame"
	},
	"overrides": [
		{ "predicate": { "custom_model_data": 3086}, "model": "item/apple_seeds" },
		{ "predicate": { "custom_model_data": 3087}, "model": "item/golden_apple_seeds" },
		{ "predicate": { "custom_model_data": 3088}, "model": "item/apple_sapling" },
		{ "predicate": { "custom_model_data": 3089}, "model": "item/golden_apple_sapling" },
		{ "predicate": { "custom_model_data": 3090}, "model": "item/blocks/apple_sapling" },
		{ "predicate": { "custom_model_data": 3091}, "model": "item/blocks/golden_apple_sapling" }
	]
}
