{
	"display": {
		"title": "Miniblock Traders                   ",
		"description": [
			{
				"text": "Adds special ",
				"color": "green"
			},
			{
				"text": "Miniblock Traders",
				"color": "gold"
			},
			{
				"text": ", offering a high quality selection of curated decoration blocks.\n\n",
				"color": "green"
			},
			{
				"text": "Explore your world for",
				"color": "green"
			},
			{
				"text": " special items ",
				"color": "aqua"
			},
			{
				"text": "that villagers might have an interest in...\n\n",
				"color": "green"
			},
			{
				"text": "Throw one at a villager, and they turn into a special ",
				"color": "green"
			},
			{
				"text": "Miniblock Trader",
				"color": "gold"
			},
			{
				"text": "!",
				"color": "green"
			}
		],
		"icon": {
			"item": "minecraft:player_head",
			"nbt": "{SkullOwner:{Id:[I;517903274,303778841,-1751461796,1896795803],Properties:{textures:[{Value:'eyJ0ZXh0dXJlcyI6eyJTS0lOIjp7InVybCI6Imh0dHA6Ly90ZXh0dXJlcy5taW5lY3JhZnQubmV0L3RleHR1cmUvYzkxNzc0ZThlNDNjZjUzNWUzMDk3MTZhMDNiNGE0YTgxMTA4NzkzZGU3NjhlYmQzZjEyMjRlNjgwMjFmZTk3ZSJ9fX0='}]}}}"
		},
		"announce_to_chat": false,
		"show_toast": false
	},
	"parent": "global:maxheyn",
	"criteria": {
		"trigger": {
			"trigger": "minecraft:tick"
		}
	}
}