{
    "display": {
        "icon": {
            "item": "minecraft:redstone"
        },
        "title": {
            "text": "Redstone Rotation Wrench",
            "color": "white",
            "bold": false,
            "italic": false
        },
        "description": {
            "text": "Adds a custom wrench in-game that allows you to rotate redstone components when right-clicking.",
            "color": "green",
            "bold": false,
            "italic": true
        },
        "show_toast": false,
        "announce_to_chat": false,
        "frame": "goal"
    },
    "parent": "main:main/root",
    "criteria": {
        "tick": {
            "trigger": "minecraft:tick"
        }
    }
}