{
    "display": {
        "icon": {
            "item": "minecraft:player_head",
            "nbt": "{SkullOwner:{Id:\"a288ea31-4bb2-46ba-90d9-25518b4364db\",Properties:{textures:[{Value:\"eyJ0ZXh0dXJlcyI6eyJTS0lOIjp7InVybCI6Imh0dHA6Ly90ZXh0dXJlcy5taW5lY3JhZnQubmV0L3RleHR1cmUvYTc5ZjhjOTI3NzZkNjQyZDExOWY5ZTkyMzYwYjFlNWI5NzFlNjZlNjE0MjhhM2UxYjMxMWQ4YjYxODVlNiJ9fX0=\"}]}}}"
        },
        "title": {
            "text": "Treasure Gems",
            "color": "white",
            "bold": false,
            "italic": false
        },
        "description": {
            "text": "Adds the chance for treasure gems to spawn inside loot chests. Used to trade with Gem Villagers.",
            "color": "green",
            "bold": false,
            "italic": true
        },
        "show_toast": false,
        "announce_to_chat": false,
        "frame": "goal"
    },
    "parent": "main:main/root",
    "criteria": {
        "tick": {
            "trigger": "minecraft:tick"
        }
    }
}