{
	"display": {
		"title": "Babees        ",
		"description": [
			{
				"text": "Simply toss some  ",
				"color": "green"
			},
			{
				"text": "Honeycomb",
				"color": "gold"
			},
			{
				"text": " at a ",
				"color": "green"
			},
			{
				"text": "Bee",
				"color": "gold"
			},
			{
				"text": " to turn it into a ",
				"color": "green"
			},
			{
				"text": "baby Bee",
				"color": "aqua"
			},
			{
				"text": " permanently!",
				"color": "green"
			}
		],
		"icon": {
			"item": "minecraft:player_head",
			"nbt": "{SkullOwner:{Id:[I;1999906402,-2005908390,-2036338514,-247436483],Properties:{textures:[{Value:'eyJ0ZXh0dXJlcyI6eyJTS0lOIjp7InVybCI6Imh0dHA6Ly90ZXh0dXJlcy5taW5lY3JhZnQubmV0L3RleHR1cmUvNTlhYzE2ZjI5NmI0NjFkMDVlYTA3ODVkNDc3MDMzZTUyNzM1OGI0ZjMwYzI2NmFhMDJmMDIwMTU3ZmZjYTczNiJ9fX0='}]}}}"
		},
		"announce_to_chat": false,
		"show_toast": false
	},
	"parent": "global:maxheyn",
	"criteria": {
		"trigger": {
			"trigger": "minecraft:tick"
		}
	}
}