{
    "type": "minecraft:chest",
    "pools": [
        {
            "rolls": {
                "type": "minecraft:uniform",
                "min": 1.0,
                "max": 5.0
            },
            "bonus_rolls": 0.0,
            "entries": [
                {
                    "type": "minecraft:item",
                    "weight": 6,
                    "functions": [
                        {
                            "function": "minecraft:set_count",
                            "count": {
                                "type": "minecraft:uniform",
                                "min": 1.0,
                                "max": 8.0
                            },
                            "add": false
                        }
                    ],
                    "name": "minecraft:white_wool"
                },
                {
                    "type": "minecraft:item",
                    "weight": 3,
                    "functions": [
                        {
                            "function": "minecraft:set_count",
                            "count": {
                                "type": "minecraft:uniform",
                                "min": 1.0,
                                "max": 3.0
                            },
                            "add": false
                        }
                    ],
                    "name": "minecraft:black_wool"
                },
                {
                    "type": "minecraft:item",
                    "weight": 2,
                    "functions": [
                        {
                            "function": "minecraft:set_count",
                            "count": {
                                "type": "minecraft:uniform",
                                "min": 1.0,
                                "max": 3.0
                            },
                            "add": false
                        }
                    ],
                    "name": "minecraft:gray_wool"
                },
                {
                    "type": "minecraft:item",
                    "weight": 2,
                    "functions": [
                        {
                            "function": "minecraft:set_count",
                            "count": {
                                "type": "minecraft:uniform",
                                "min": 1.0,
                                "max": 3.0
                            },
                            "add": false
                        }
                    ],
                    "name": "minecraft:brown_wool"
                },
                {
                    "type": "minecraft:item",
                    "weight": 2,
                    "functions": [
                        {
                            "function": "minecraft:set_count",
                            "count": {
                                "type": "minecraft:uniform",
                                "min": 1.0,
                                "max": 3.0
                            },
                            "add": false
                        }
                    ],
                    "name": "minecraft:light_gray_wool"
                },
                {
                    "type": "minecraft:item",
                    "name": "minecraft:emerald"
                },
                {
                    "type": "minecraft:item",
                    "name": "minecraft:shears"
                },
                {
                    "type": "minecraft:item",
                    "weight": 6,
                    "functions": [
                        {
                            "function": "minecraft:set_count",
                            "count": {
                                "type": "minecraft:uniform",
                                "min": 1.0,
                                "max": 6.0
                            },
                            "add": false
                        }
                    ],
                    "name": "minecraft:wheat"
                }
            ]
        },
        {
            "rolls": 1,
            "entries": [
                {
                    "type": "item",
                    "weight": 1,
                    "name": "minecraft:string",
                    "functions": [
                        {
                            "function": "set_nbt",
                            "tag": "{display:{Name:'[{\"text\":\"Fine Thread\",\"italic\":false}]',Lore:['[{\"text\":\"Villagers might be interested in this...\",\"italic\":false}]']},Enchantments:[{}],tag:\"mt_clothes\"}"
                        }
                    ]
                },
                {
                    "type": "empty",
                    "weight": 1
                }
            ]
        }
    ]
}