<SAGMillRecipes>
    <recipeGroup name="WorldOfPannotia">
        <recipe name="Prismarine Block to Shards">
            <input>
                <itemStack oreDictionary="blockPrismarine"/>
            </input>
            <output>
                <itemStack oreDictionary="shardPrismarine" number="2" />
                <itemStack oreDictionary="shardPrismarine" number="1" chance="0.5" />
                <itemStack oreDictionary="shardPrismarine" number="1" chance="0.2" />
            </output>
        </recipe>
        <recipe name="Prismarine Brick to Shards">
            <input>
                <itemStack oreDictionary="blockPrismarineBrick"/>
            </input>
            <output>
                <itemStack oreDictionary="shardPrismarine" number="6" />
                <itemStack oreDictionary="shardPrismarine" number="2" chance="0.5" />
                <itemStack oreDictionary="shardPrismarine" number="1" chance="0.2" />
            </output>
        </recipe>
        <recipe name="Dark Prismarine to Shards">
            <input>
                <itemStack oreDictionary="blockPrismarineDark"/>
            </input>
            <output>
                <itemStack oreDictionary="shardPrismarine" number="4" />
                <itemStack oreDictionary="shardPrismarine" number="3" chance="0.5" />
                <itemStack oreDictionary="shardPrismarine" number="1" chance="0.2" />
            </output>
        </recipe>
        <recipe name="Poison Potatoes to Flour + Ender Shards">
            <input>
                <itemStack modID="minecraft" itemName="poisonous_potato" />
            </input>
            <output>
                <itemStack modID="enderio" itemName="itemPowderIngot" itemMeta="8" number="1" />
                <itemStack modID="extrautils2" itemName="endershard" number="1" chance="0.15" />
            </output>
        </recipe>
        <recipe name="Benitoite Ore to Benitoite">
            <input>
                <itemStack modID="bigreactors" itemName="brore" itemMeta="2" />
            </input>
            <output>
                <itemStack modID="bigreactors" itemName="minerals" itemMeta="1" number="1" />
                <itemStack modID="bigreactors" itemName="minerals" itemMeta="1" number="1" chance="0.15" />
                <itemStack modID="bigreactors" itemName="minerals" itemMeta="1" number="1" chance="0.05" />
            </output>
        </recipe>
    </recipeGroup>
</SAGMillRecipes>
