{
    "type": "minecraft:fishing",
    "pools": [
        {
            "rolls": 1.0,
            "entries": [
                {
                    "type": "minecraft:item",
                    "name": "minecraft:name_tag"
                },
                {
                    "type": "minecraft:item",
                    "name": "minecraft:saddle"
                },
                {
                    "type": "minecraft:item",
                    "functions": [
                        {
                            "function": "minecraft:set_damage",
                            "damage": {
                                "min": 0.0,
                                "max": 0.25
                            }
                        },
                        {
                            "function": "minecraft:enchant_with_levels",
                            "levels": 30,
                            "treasure": true
                        }
                    ],
                    "name": "minecraft:bow"
                },
                {
                    "type": "minecraft:item",
                    "functions": [
                        {
                            "function": "minecraft:set_damage",
                            "damage": {
                                "min": 0.0,
                                "max": 0.25
                            }
                        },
                        {
                            "function": "minecraft:enchant_with_levels",
                            "levels": 30,
                            "treasure": true
                        }
                    ],
                    "name": "minecraft:fishing_rod"
                },
                {
                    "type": "minecraft:item",
                    "functions": [
                        {
                            "function": "minecraft:enchant_with_levels",
                            "levels": 30,
                            "treasure": true
                        }
                    ],
                    "name": "minecraft:book"
                },
                {
                    "type": "minecraft:item",
                    "name": "minecraft:nautilus_shell"
                }
            ]
        },
        {
            "rolls": 1,
            "entries": [
                {
                    "type": "item",
                    "weight": 1,
                    "name": "minecraft:light_weighted_pressure_plate",
                    "functions": [
                        {
                            "function": "set_nbt",
                            "tag": "{display:{Name:'[{\"text\":\"Forgotten Scrap Metal\",\"italic\":false}]',Lore:['[{\"text\":\"Villagers might be interested in this...\",\"italic\":false}]']},Enchantments:[{}],tag:\"mt_steampunk\"}"
                        }
                    ]
                },
                {
                    "type": "empty",
                    "weight": 23
                }
            ]
        },
        {
            "rolls": 1,
            "entries": [
                {
                    "type": "item",
                    "weight": 1,
                    "name": "minecraft:player_head",
                    "functions": [
                        {
                            "function": "set_nbt",
                            "tag": "{display:{Name:'[{\"text\":\"Soaked Villager Plushie\",\"italic\":false}]',Lore:['[{\"text\":\"Villagers might be interested in this...\",\"italic\":false}]']},Enchantments:[{}],tag:\"mt_plush\",SkullOwner:{Id:[I;517903274,303778841,-1751461796,1896795803],Properties:{textures:[{Value:\"eyJ0ZXh0dXJlcyI6eyJTS0lOIjp7InVybCI6Imh0dHA6Ly90ZXh0dXJlcy5taW5lY3JhZnQubmV0L3RleHR1cmUvYzkxNzc0ZThlNDNjZjUzNWUzMDk3MTZhMDNiNGE0YTgxMTA4NzkzZGU3NjhlYmQzZjEyMjRlNjgwMjFmZTk3ZSJ9fX0=\"}]}}}"
                        }
                    ]
                },
                {
                    "type": "empty",
                    "weight": 23
                }
            ]
        },
        {
            "rolls": 1,
            "entries": [
                {
                    "type": "item",
                    "weight": 1,
                    "name": "minecraft:paper",
                    "functions": [
                        {
                            "function": "set_nbt",
                            "tag": "{display:{Name:'[{\"text\":\"Drenched Score Sheet\",\"italic\":false}]',Lore:['[{\"text\":\"Villagers might be interested in this...\",\"italic\":false}]']},Enchantments:[{}],tag:\"mt_game\"}"
                        }
                    ]
                },
                {
                    "type": "empty",
                    "weight": 23
                }
            ]
        },
        {
            "rolls": 1,
            "entries": [
                {
                    "type": "item",
                    "weight": 1,
                    "name": "minecraft:composter",
                    "functions": [
                        {
                            "function": "set_nbt",
                            "tag": "{display:{Name:'[{\"text\":\"Rotting Recycling Bin\",\"italic\":false}]',Lore:['[{\"text\":\"Villagers might be interested in this...\",\"italic\":false}]']},Enchantments:[{}],tag:\"mt_recycle\"}"
                        }
                    ]
                },
                {
                    "type": "empty",
                    "weight": 23
                }
            ]
        },
        {
            "rolls": 1,
            "entries": [
                {
                    "type": "item",
                    "weight": 1,
                    "name": "minecraft:glass_bottle",
                    "functions": [
                        {
                            "function": "set_nbt",
                            "tag": "{display:{Name:'[{\"text\":\"Crystal Phial\",\"italic\":false}]',Lore:['[{\"text\":\"Villagers might be interested in this...\",\"italic\":false}]']},Enchantments:[{}],tag:\"mt_alchemy\"}"
                        }
                    ]
                },
                {
                    "type": "empty",
                    "weight": 23
                }
            ]
        },
        {
            "rolls": 1,
            "entries": [
                {
                    "type": "item",
                    "weight": 1,
                    "name": "minecraft:brewing_stand",
                    "functions": [
                        {
                            "function": "set_nbt",
                            "tag": "{display:{Name:'[{\"text\":\"Mixology Station\",\"italic\":false}]',Lore:['[{\"text\":\"Villagers might be interested in this...\",\"italic\":false}]']},Enchantments:[{}],tag:\"mt_bartender\"}"
                        }
                    ]
                },
                {
                    "type": "empty",
                    "weight": 23
                }
            ]
        }
    ]
}