{
  "type": "minecraft:entity",
  "pools": [
    {
      "rolls": 1,
      "entries": [
        {
          "type": "minecraft:loot_table",
          "name": "vanilla:entities/sheep/lime"
        }
      ]
    },
    {
      "rolls": 1,
      "entries": [
        {
          "type": "item",
          "name": "minecraft:player_head",
          "weight": 1,
          "functions": [
            {
              "function": "set_nbt",
              "tag": "{SkullOwner:{Id:\"4cbcb683-f2f5-4118-afe8-056dc65ca4a0\",Name:\"Lime Sheep\",Properties:{textures:[{Value:\"eyJ0ZXh0dXJlcyI6eyJTS0lOIjp7InVybCI6Imh0dHA6Ly90ZXh0dXJlcy5taW5lY3JhZnQubmV0L3RleHR1cmUvNmJlYWQwMzQyYWU4OWI4ZGZkM2Q3MTFhNjBhZGQ2NWUyYzJiZmVhOGQwYmQyNzRhNzU4N2RlZWQ3YTMxODkyZSJ9fX0=\"}]}}}"
            }
          ]
        }
      ],
      "conditions": [
        {
          "condition": "killed_by_player"
        },
        {
          "condition": "inverted",
          "term": {
            "condition": "entity_properties",
            "predicate": {
              "nbt": "{CustomName:\"{\\\"text\\\":\\\"jeb_\\\"}\"}"
            },
            "entity": "this"
          }
        },
        {
          "condition": "random_chance_with_looting",
          "chance": 0.0175,
          "looting_multiplier": 0.0025
        }
      ]
    },
    {
      "rolls": 1,
      "entries": [
        {
          "type": "minecraft:loot_table",
          "name": "minecraft:entities/sheep/jeb_sheep"
        }
      ]
    }
  ]
}
