<?xml version="1.0"?>
<Crates>
    <Crate name="TestCrate1">
        <Key id="minecraft:stick"/>
        <Reward r="10">
            <Item id="minecraft:redstone"/>
            <Item id="minecraft:emerald"/>
        </Reward>
        <Reward r="10">
            <Item id="minecraft:diamond"/>
            <Item id="minecraft:nether_star"/>
        </Reward>
        <Reward r="5">
            <Item id="minecraft:diamond">
                <Tag>{key:"TestCrate2"}</Tag>
            </Item>
            <Item id="minecraft:nether_star"/>
        </Reward>
    </Crate>
    <Crate name="TestCrate2">
        <Key id="minecraft:stick"/>
        <Reward r="10">
            <Item id="minecraft:redstone"/>
            <Item id="minecraft:emerald"/>
        </Reward>
        <Reward r="10">
            <Item id="minecraft:diamond">
                <Tag>{key:"TestCrate1"}</Tag>
            </Item>
            <Item id="minecraft:nether_star"/>
        </Reward>
    </Crate>
</Crates>
